to,from,amount,service
mario,luigi,500,web dev work
peach,toad,100,caketo,from,amount,service
mario,luigi,500,web dev work
peach,toad,100,caketo,from,amount
mario,luigi,500
peach,toad,100to,from,amount,service
mario,luigi,500,web dev work
peach,toad,100,caketo,from,amount
mario,luigi,500
peach,toad,100to,from,amount
to,from,amount
mario,luigi,500
peach,toad,100to,from,amount
mario,luigi,500
peach,toad,100to,from,amount
mario,luigi,500
peach,toad,100to,from,amount,service
mario,luigi,500,web dev work
peach,toad,100,cake